pathway_id,I,type,tissue
hsa04723,0.35737044096062465,kpca,UBcalibr2
hsa00561,0.2019349301003456,kpca,UBcalibr2
hsa04071,0.13028608728640387,kpca,UBcalibr2
hsa00600,0.13028608728640387,kpca,UBcalibr2
hsa04217,0.13028608728640387,kpca,UBcalibr2
hsa04148,0.11113929544415951,kpca,UBcalibr2
hsa00564,0.05740229141862056,kpca,UBcalibr2
hsa05231,0.04959118914624197,kpca,UBcalibr2
hsa04723,0.27966361101967746,gsva,UBcalibr2
hsa00564,0.19151484350304518,gsva,UBcalibr2
hsa05231,0.1594966023625294,gsva,UBcalibr2
hsa00600,0.11069423128460915,gsva,UBcalibr2
hsa04217,0.11069423128460915,gsva,UBcalibr2
hsa04071,0.11069423128460915,gsva,UBcalibr2
hsa04148,0.06972818279452977,gsva,UBcalibr2
hsa00561,0.06300638250476462,gsva,UBcalibr2
hsa04723,0.7686432562221941,kpca,UBcalibr1
hsa00590,0.755332973582823,kpca,UBcalibr1
hsa00591,0.755332973582823,kpca,UBcalibr1
hsa00061,0.7529861181293774,kpca,UBcalibr1
hsa04216,0.6709271996771456,kpca,UBcalibr1
hsa00520,0.5445760822391411,kpca,UBcalibr1
hsa00564,0.5141362227371037,kpca,UBcalibr1
hsa04070,0.48961592133653725,kpca,UBcalibr1
hsa00561,0.48869537435214633,kpca,UBcalibr1
hsa00600,0.4474032133556252,kpca,UBcalibr1
hsa01040,0.05082793395320559,kpca,UBcalibr1
hsa05231,-0.0009385253928383573,kpca,UBcalibr1
hsa00600,0.5850275857404892,gsva,UBcalibr1
hsa04216,0.5198883568557348,gsva,UBcalibr1
hsa05231,0.5027689327728606,gsva,UBcalibr1
hsa00520,0.39517236614668855,gsva,UBcalibr1
hsa01040,0.3679321234369789,gsva,UBcalibr1
hsa00590,0.3628420842414956,gsva,UBcalibr1
hsa00591,0.3628420842414956,gsva,UBcalibr1
hsa00561,0.3471984057255599,gsva,UBcalibr1
hsa04070,0.3291659149518281,gsva,UBcalibr1
hsa00061,0.3256019665073826,gsva,UBcalibr1
hsa00564,0.28373860077690294,gsva,UBcalibr1
hsa04723,0.27241714410700246,gsva,UBcalibr1
hsa05231,0.5691927284396306,kpca,UBcalibr4
hsa00564,0.42400005785391165,kpca,UBcalibr4
hsa01040,0.4039976133864341,kpca,UBcalibr4
hsa04216,0.37716483908559273,kpca,UBcalibr4
hsa04723,0.33530022310162727,kpca,UBcalibr4
hsa00590,0.32753335118608856,kpca,UBcalibr4
hsa00591,0.32753335118608856,kpca,UBcalibr4
hsa04976,0.20285199493606232,kpca,UBcalibr4
hsa02010,0.2006047907128968,kpca,UBcalibr4
hsa04070,0.13982941934022378,kpca,UBcalibr4
hsa00561,0.13259066487619942,kpca,UBcalibr4
hsa00040,0.11979713667834255,kpca,UBcalibr4
hsa00600,0.11100609257487508,kpca,UBcalibr4
hsa00600,0.6413110074756169,gsva,UBcalibr4
hsa01040,0.4593206613073042,gsva,UBcalibr4
hsa00591,0.45761394074875583,gsva,UBcalibr4
hsa00590,0.45761394074875583,gsva,UBcalibr4
hsa04723,0.4159127282653051,gsva,UBcalibr4
hsa02010,0.35640420976230186,gsva,UBcalibr4
hsa04216,0.3292684795629381,gsva,UBcalibr4
hsa04976,0.2931871652254758,gsva,UBcalibr4
hsa00561,0.23454318808031216,gsva,UBcalibr4
hsa05231,0.22201813822920743,gsva,UBcalibr4
hsa00040,0.19376894466192496,gsva,UBcalibr4
hsa00564,0.19351233821895816,gsva,UBcalibr4
hsa04070,0.18824554826422635,gsva,UBcalibr4
hsa04723,0.3456454234223101,kpca,Kidney-xenogr-1
hsa05231,0.2866156376780094,kpca,Kidney-xenogr-1
hsa00564,0.2713699401782408,kpca,Kidney-xenogr-1
hsa05231,0.3801280455947664,gsva,Kidney-xenogr-1
hsa04723,0.3497129948311575,gsva,Kidney-xenogr-1
hsa00564,0.3225296085011178,gsva,Kidney-xenogr-1
hsa04148,0.6938208118366447,kpca,Kidney-xenogr-2
hsa00564,0.5621802265185443,kpca,Kidney-xenogr-2
hsa04723,0.188417626124342,kpca,Kidney-xenogr-2
hsa05231,0.1291423787367578,kpca,Kidney-xenogr-2
hsa04148,0.6335169492049038,gsva,Kidney-xenogr-2
hsa05231,0.4541942950844194,gsva,Kidney-xenogr-2
hsa04723,0.3037768917086783,gsva,Kidney-xenogr-2
hsa00564,0.16805284703873635,gsva,Kidney-xenogr-2
hsa00600,0.4041645756102556,kpca,Eye-mouse
hsa04072,0.31912155575336815,kpca,Eye-mouse
hsa04024,0.31912155575336815,kpca,Eye-mouse
hsa04723,0.30498844288673244,kpca,Eye-mouse
hsa04071,0.2969989207657278,kpca,Eye-mouse
hsa05231,0.2541298789950103,kpca,Eye-mouse
hsa04148,0.19031712072617485,kpca,Eye-mouse
hsa00561,0.18266422362398638,kpca,Eye-mouse
hsa00520,0.15992616848840477,kpca,Eye-mouse
hsa00564,0.14278640390981095,kpca,Eye-mouse
hsa00600,0.47461453369661033,gsva,Eye-mouse
hsa05231,0.3946370350492095,gsva,Eye-mouse
hsa04024,0.3143138839851533,gsva,Eye-mouse
hsa04072,0.3143138839851533,gsva,Eye-mouse
hsa04071,0.3137036449112078,gsva,Eye-mouse
hsa04723,0.3061706056500711,gsva,Eye-mouse
hsa00520,0.2539886750894347,gsva,Eye-mouse
hsa00564,0.17732908796995675,gsva,Eye-mouse
hsa00561,0.1606657839040292,gsva,Eye-mouse
hsa04148,0.14168393075572544,gsva,Eye-mouse
hsa00600,0.41823623079190714,kpca,Bladder-cancer-hum
hsa04072,0.3157350837964375,kpca,Bladder-cancer-hum
hsa04024,0.3157350837964375,kpca,Bladder-cancer-hum
hsa05231,0.284495259969906,kpca,Bladder-cancer-hum
hsa04071,0.2765339429738197,kpca,Bladder-cancer-hum
hsa04723,0.26652812238603135,kpca,Bladder-cancer-hum
hsa04148,0.20922263553537415,kpca,Bladder-cancer-hum
hsa00561,0.1689236987422483,kpca,Bladder-cancer-hum
hsa00564,0.16279115032360367,kpca,Bladder-cancer-hum
hsa00520,0.10421030858542388,kpca,Bladder-cancer-hum
hsa00600,0.4795432807950981,gsva,Bladder-cancer-hum
hsa05231,0.3186333205666737,gsva,Bladder-cancer-hum
hsa04071,0.2686368924601446,gsva,Bladder-cancer-hum
hsa04072,0.2467461391180197,gsva,Bladder-cancer-hum
hsa04024,0.2467461391180197,gsva,Bladder-cancer-hum
hsa00520,0.22417563308956512,gsva,Bladder-cancer-hum
hsa00564,0.21238072851049425,gsva,Bladder-cancer-hum
hsa00561,0.18280089994785512,gsva,Bladder-cancer-hum
hsa04723,0.14963635700320424,gsva,Bladder-cancer-hum
hsa04148,0.14825215018106488,gsva,Bladder-cancer-hum
hsa00600,0.41823623603191434,kpca,Heart-aorta-mouse
hsa04072,0.3157350799690469,kpca,Heart-aorta-mouse
hsa04024,0.3157350799690469,kpca,Heart-aorta-mouse
hsa05231,0.2844952548999558,kpca,Heart-aorta-mouse
hsa04071,0.27653394895825284,kpca,Heart-aorta-mouse
hsa04723,0.26652813247951257,kpca,Heart-aorta-mouse
hsa04148,0.20922262682959308,kpca,Heart-aorta-mouse
hsa00561,0.16892369971382087,kpca,Heart-aorta-mouse
hsa00564,0.162791150870488,kpca,Heart-aorta-mouse
hsa00520,0.10421030522539683,kpca,Heart-aorta-mouse
hsa00600,0.4795432807950983,gsva,Heart-aorta-mouse
hsa05231,0.31863332056667376,gsva,Heart-aorta-mouse
hsa04071,0.2686368924601446,gsva,Heart-aorta-mouse
hsa04072,0.2467461391180197,gsva,Heart-aorta-mouse
hsa04024,0.2467461391180197,gsva,Heart-aorta-mouse
hsa00520,0.2241756330895652,gsva,Heart-aorta-mouse
hsa00564,0.2123807285104941,gsva,Heart-aorta-mouse
hsa00561,0.182800899947855,gsva,Heart-aorta-mouse
hsa04723,0.1496363570032043,gsva,Heart-aorta-mouse
hsa04148,0.1482521501810649,gsva,Heart-aorta-mouse
hsa00600,0.41823623205727906,kpca,Heart-sgt-mouse
hsa04072,0.315735082777254,kpca,Heart-sgt-mouse
hsa04024,0.315735082777254,kpca,Heart-sgt-mouse
hsa05231,0.28449526057803437,kpca,Heart-sgt-mouse
hsa04071,0.2765339430086661,kpca,Heart-sgt-mouse
hsa04723,0.2665281287007754,kpca,Heart-sgt-mouse
hsa04148,0.20922263510920983,kpca,Heart-sgt-mouse
hsa00561,0.16892369824783843,kpca,Heart-sgt-mouse
hsa00564,0.1627911498022587,kpca,Heart-sgt-mouse
hsa00520,0.10421030926669257,kpca,Heart-sgt-mouse
hsa00600,0.4795432807950982,gsva,Heart-sgt-mouse
hsa05231,0.31863332056667376,gsva,Heart-sgt-mouse
hsa04071,0.2686368924601446,gsva,Heart-sgt-mouse
hsa04072,0.2467461391180197,gsva,Heart-sgt-mouse
hsa04024,0.2467461391180197,gsva,Heart-sgt-mouse
hsa00520,0.22417563308956512,gsva,Heart-sgt-mouse
hsa00564,0.21238072851049408,gsva,Heart-sgt-mouse
hsa00561,0.18280089994785506,gsva,Heart-sgt-mouse
hsa04723,0.1496363570032043,gsva,Heart-sgt-mouse
hsa04148,0.14825215018106488,gsva,Heart-sgt-mouse
hsa00600,0.41823623130122345,kpca,MALDI_248_T
hsa04072,0.3157350831163216,kpca,MALDI_248_T
hsa04024,0.3157350831163216,kpca,MALDI_248_T
hsa05231,0.2844952603904565,kpca,MALDI_248_T
hsa04071,0.27653394243677715,kpca,MALDI_248_T
hsa04723,0.2665281283116218,kpca,MALDI_248_T
hsa04148,0.20922263575803302,kpca,MALDI_248_T
hsa00561,0.16892369771644086,kpca,MALDI_248_T
hsa00564,0.1627911502419609,kpca,MALDI_248_T
hsa00520,0.1042103083693769,kpca,MALDI_248_T
hsa00600,0.4795432807950982,gsva,MALDI_248_T
hsa05231,0.31863332056667376,gsva,MALDI_248_T
hsa04071,0.2686368924601446,gsva,MALDI_248_T
hsa04072,0.2467461391180197,gsva,MALDI_248_T
hsa04024,0.2467461391180197,gsva,MALDI_248_T
hsa00520,0.22417563308956512,gsva,MALDI_248_T
hsa00564,0.2123807285104941,gsva,MALDI_248_T
hsa00561,0.18280089994785512,gsva,MALDI_248_T
hsa04723,0.1496363570032043,gsva,MALDI_248_T
hsa04148,0.14825215018106488,gsva,MALDI_248_T
hsa00600,0.4182362359542815,kpca,MALDI_259_T
hsa04072,0.31573508044480575,kpca,MALDI_259_T
hsa04024,0.31573508044480575,kpca,MALDI_259_T
hsa05231,0.28449525459294134,kpca,MALDI_259_T
hsa04071,0.27653394890295285,kpca,MALDI_259_T
hsa04723,0.26652813201790615,kpca,MALDI_259_T
hsa04148,0.20922262606786005,kpca,MALDI_259_T
hsa00561,0.16892369902476237,kpca,MALDI_259_T
hsa00564,0.16279115024776813,kpca,MALDI_259_T
hsa00520,0.10421030631661843,kpca,MALDI_259_T
hsa00600,0.4795432807950982,gsva,MALDI_259_T
hsa05231,0.31863332056667376,gsva,MALDI_259_T
hsa04071,0.2686368924601446,gsva,MALDI_259_T
hsa04072,0.2467461391180197,gsva,MALDI_259_T
hsa04024,0.2467461391180197,gsva,MALDI_259_T
hsa00520,0.22417563308956512,gsva,MALDI_259_T
hsa00564,0.21238072851049408,gsva,MALDI_259_T
hsa00561,0.18280089994785506,gsva,MALDI_259_T
hsa04723,0.1496363570032043,gsva,MALDI_259_T
hsa04148,0.14825215018106488,gsva,MALDI_259_T
hsa00600,0.4182362310147039,kpca,MALDI_260_T
hsa04072,0.3157350830853843,kpca,MALDI_260_T
hsa04024,0.3157350830853843,kpca,MALDI_260_T
hsa05231,0.284495260313185,kpca,MALDI_260_T
hsa04071,0.27653394240764323,kpca,MALDI_260_T
hsa04723,0.26652812836801576,kpca,MALDI_260_T
hsa04148,0.2092226356789682,kpca,MALDI_260_T
hsa00561,0.16892369761943077,kpca,MALDI_260_T
hsa00564,0.16279115033634253,kpca,MALDI_260_T
hsa00520,0.10421030751788508,kpca,MALDI_260_T
hsa00600,0.4795432807950982,gsva,MALDI_260_T
hsa05231,0.31863332056667376,gsva,MALDI_260_T
hsa04071,0.2686368924601446,gsva,MALDI_260_T
hsa04072,0.2467461391180197,gsva,MALDI_260_T
hsa04024,0.2467461391180197,gsva,MALDI_260_T
hsa00520,0.22417563308956512,gsva,MALDI_260_T
hsa00564,0.21238072851049417,gsva,MALDI_260_T
hsa00561,0.1828008999478551,gsva,MALDI_260_T
hsa04723,0.1496363570032043,gsva,MALDI_260_T
hsa04148,0.14825215018106488,gsva,MALDI_260_T
hsa00600,0.418236231211629,kpca,MALDI_262_T
hsa04072,0.3157350829745387,kpca,MALDI_262_T
hsa04024,0.3157350829745387,kpca,MALDI_262_T
hsa05231,0.2844952604108049,kpca,MALDI_262_T
hsa04071,0.2765339430015017,kpca,MALDI_262_T
hsa04723,0.2665281288066749,kpca,MALDI_262_T
hsa04148,0.20922263523865214,kpca,MALDI_262_T
hsa00561,0.16892369787457032,kpca,MALDI_262_T
hsa00564,0.1627911496904226,kpca,MALDI_262_T
hsa00520,0.1042103084538135,kpca,MALDI_262_T
hsa00600,0.4795432807950982,gsva,MALDI_262_T
hsa05231,0.31863332056667376,gsva,MALDI_262_T
hsa04071,0.2686368924601446,gsva,MALDI_262_T
hsa04072,0.2467461391180197,gsva,MALDI_262_T
hsa04024,0.2467461391180197,gsva,MALDI_262_T
hsa00520,0.22417563308956512,gsva,MALDI_262_T
hsa00564,0.21238072851049408,gsva,MALDI_262_T
hsa00561,0.18280089994785506,gsva,MALDI_262_T
hsa04723,0.1496363570032043,gsva,MALDI_262_T
hsa04148,0.1482521501810649,gsva,MALDI_262_T
hsa00600,0.41823623068975496,kpca,MALDI_269_T
hsa04072,0.3157350830318351,kpca,MALDI_269_T
hsa04024,0.3157350830318351,kpca,MALDI_269_T
hsa05231,0.2844952603212079,kpca,MALDI_269_T
hsa04071,0.27653394240857715,kpca,MALDI_269_T
hsa04723,0.26652812883749893,kpca,MALDI_269_T
hsa04148,0.20922263564527963,kpca,MALDI_269_T
hsa00561,0.1689236978394439,kpca,MALDI_269_T
hsa00564,0.16279115033796812,kpca,MALDI_269_T
hsa00520,0.10421030842033313,kpca,MALDI_269_T
hsa00600,0.4795432807950982,gsva,MALDI_269_T
hsa05231,0.31863332056667376,gsva,MALDI_269_T
hsa04071,0.2686368924601446,gsva,MALDI_269_T
hsa04072,0.2467461391180197,gsva,MALDI_269_T
hsa04024,0.2467461391180197,gsva,MALDI_269_T
hsa00520,0.22417563308956512,gsva,MALDI_269_T
hsa00564,0.21238072851049417,gsva,MALDI_269_T
hsa00561,0.1828008999478551,gsva,MALDI_269_T
hsa04723,0.1496363570032043,gsva,MALDI_269_T
hsa04148,0.14825215018106488,gsva,MALDI_269_T
hsa00600,0.4182362311968271,kpca,MALDI_275_T
hsa04072,0.3157350830722619,kpca,MALDI_275_T
hsa04024,0.3157350830722619,kpca,MALDI_275_T
hsa05231,0.28449526042022166,kpca,MALDI_275_T
hsa04071,0.27653394310369084,kpca,MALDI_275_T
hsa04723,0.2665281291928438,kpca,MALDI_275_T
hsa04148,0.20922263530458987,kpca,MALDI_275_T
hsa00561,0.16892369786771264,kpca,MALDI_275_T
hsa00564,0.1627911498195572,kpca,MALDI_275_T
hsa00520,0.10421030834770889,kpca,MALDI_275_T
hsa00600,0.4795432807950982,gsva,MALDI_275_T
hsa05231,0.31863332056667376,gsva,MALDI_275_T
hsa04071,0.2686368924601446,gsva,MALDI_275_T
hsa04072,0.2467461391180197,gsva,MALDI_275_T
hsa04024,0.2467461391180197,gsva,MALDI_275_T
hsa00520,0.22417563308956512,gsva,MALDI_275_T
hsa00564,0.21238072851049408,gsva,MALDI_275_T
hsa00561,0.18280089994785506,gsva,MALDI_275_T
hsa04723,0.1496363570032043,gsva,MALDI_275_T
hsa04148,0.1482521501810649,gsva,MALDI_275_T
hsa00600,0.27061821192262536,kpca,Cerebellum-mouse
hsa00564,0.05052033041454012,kpca,Cerebellum-mouse
hsa05231,0.030494023762217333,kpca,Cerebellum-mouse
hsa04723,0.027370957050878535,kpca,Cerebellum-mouse
hsa00564,0.16994289792494263,gsva,Cerebellum-mouse
hsa00600,0.16751038618007233,gsva,Cerebellum-mouse
hsa04723,0.16306606908051624,gsva,Cerebellum-mouse
hsa05231,0.16262354697233264,gsva,Cerebellum-mouse
hsa02010,0.13961598581209478,kpca,Brain-healthy-mouse
hsa00600,0.049723813039086275,kpca,Brain-healthy-mouse
hsa04723,0.029039413893938788,kpca,Brain-healthy-mouse
hsa05231,0.024155473153271576,kpca,Brain-healthy-mouse
hsa00564,0.023984482776362115,kpca,Brain-healthy-mouse
hsa04217,0.003831243379171625,kpca,Brain-healthy-mouse
hsa04071,0.003831243379171625,kpca,Brain-healthy-mouse
hsa04723,0.2943531446023285,gsva,Brain-healthy-mouse
hsa00564,0.2943229703286179,gsva,Brain-healthy-mouse
hsa05231,0.27639387390441034,gsva,Brain-healthy-mouse
hsa00600,0.2492680245241353,gsva,Brain-healthy-mouse
hsa02010,0.18062888195887108,gsva,Brain-healthy-mouse
hsa04217,0.06046147257659506,gsva,Brain-healthy-mouse
hsa04071,0.06046147257659506,gsva,Brain-healthy-mouse
hsa02010,0.1311131130767325,kpca,Kidney-mouse
hsa00600,0.03724046719609729,kpca,Kidney-mouse
hsa04723,0.026306630784130185,kpca,Kidney-mouse
hsa00564,0.019728473020060606,kpca,Kidney-mouse
hsa05231,0.019623169719592968,kpca,Kidney-mouse
hsa04217,0.005397185298975697,kpca,Kidney-mouse
hsa04071,0.005397185298975697,kpca,Kidney-mouse
hsa00600,0.2773353721378742,gsva,Kidney-mouse
hsa00564,0.15981809329262736,gsva,Kidney-mouse
hsa04723,0.14719571772794915,gsva,Kidney-mouse
hsa02010,0.13388735816032402,gsva,Kidney-mouse
hsa05231,0.11553481622479143,gsva,Kidney-mouse
hsa04217,0.06559957822264491,gsva,Kidney-mouse
hsa04071,0.06559957822264491,gsva,Kidney-mouse
hsa04979,0.7284107402910408,kpca,Liver-brca-mouse
hsa00120,0.7281155230582614,kpca,Liver-brca-mouse
hsa00430,0.6291219961722756,kpca,Liver-brca-mouse
hsa00920,0.6291219961722756,kpca,Liver-brca-mouse
hsa04072,0.5915846787314659,kpca,Liver-brca-mouse
hsa04964,0.5685676657513103,kpca,Liver-brca-mouse
hsa00470,0.5590172697706814,kpca,Liver-brca-mouse
hsa05230,0.5590172677867914,kpca,Liver-brca-mouse
hsa00970,0.5590172677867914,kpca,Liver-brca-mouse
hsa00220,0.5590172677867914,kpca,Liver-brca-mouse
hsa05014,0.5443263556561267,kpca,Liver-brca-mouse
hsa00910,0.5389494954606224,kpca,Liver-brca-mouse
hsa04724,0.5389494954606224,kpca,Liver-brca-mouse
hsa04727,0.5389494954606224,kpca,Liver-brca-mouse
hsa00630,0.5389494954606224,kpca,Liver-brca-mouse
hsa00250,0.5389494954606224,kpca,Liver-brca-mouse
hsa04150,0.5026699604838005,kpca,Liver-brca-mouse
hsa00230,0.48054903025003826,kpca,Liver-brca-mouse
hsa00240,0.4426874597032581,kpca,Liver-brca-mouse
hsa04070,0.4241879543441884,kpca,Liver-brca-mouse
hsa04148,0.4038101421833999,kpca,Liver-brca-mouse
hsa04024,0.3990067435652501,kpca,Liver-brca-mouse
hsa00330,0.39335684231348134,kpca,Liver-brca-mouse
hsa00500,0.35778296282827793,kpca,Liver-brca-mouse
hsa00051,0.33083285708016985,kpca,Liver-brca-mouse
hsa00030,0.3178108130277559,kpca,Liver-brca-mouse
hsa00053,0.3178108130277559,kpca,Liver-brca-mouse
hsa04723,0.2567791927886267,kpca,Liver-brca-mouse
hsa00565,0.24714267531486395,kpca,Liver-brca-mouse
hsa00052,0.21981354801494493,kpca,Liver-brca-mouse
hsa05231,0.21063637208416722,kpca,Liver-brca-mouse
hsa00860,0.17945962059912662,kpca,Liver-brca-mouse
hsa04216,0.11231634392861145,kpca,Liver-brca-mouse
hsa00591,0.08641921873508067,kpca,Liver-brca-mouse
hsa00563,0.08294964721202777,kpca,Liver-brca-mouse
hsa00061,0.07761381946385734,kpca,Liver-brca-mouse
hsa04976,0.059415182189165056,kpca,Liver-brca-mouse
hsa01040,0.05515369541489003,kpca,Liver-brca-mouse
hsa00564,0.04366682275510002,kpca,Liver-brca-mouse
hsa02010,0.02947965554152993,kpca,Liver-brca-mouse
hsa00270,0.01426986019558763,kpca,Liver-brca-mouse
hsa00480,0.01426986019558763,kpca,Liver-brca-mouse
hsa00500,0.7183443001992212,gsva,Liver-brca-mouse
hsa05014,0.4896421909980301,gsva,Liver-brca-mouse
hsa00052,0.4820889248800527,gsva,Liver-brca-mouse
hsa04024,0.47542425155006296,gsva,Liver-brca-mouse
hsa00430,0.47337190832787673,gsva,Liver-brca-mouse
hsa00470,0.468879407119084,gsva,Liver-brca-mouse
hsa05230,0.4635428874934139,gsva,Liver-brca-mouse
hsa00970,0.4635428874934139,gsva,Liver-brca-mouse
hsa00220,0.4635428874934139,gsva,Liver-brca-mouse
hsa04150,0.4623172716510688,gsva,Liver-brca-mouse
hsa00330,0.45881774693087546,gsva,Liver-brca-mouse
hsa00920,0.4580072328934709,gsva,Liver-brca-mouse
hsa04072,0.45173943029905217,gsva,Liver-brca-mouse
hsa00051,0.4510983540697657,gsva,Liver-brca-mouse
hsa04723,0.4236315584516023,gsva,Liver-brca-mouse
hsa04964,0.4087173262287711,gsva,Liver-brca-mouse
hsa04070,0.40832720068607725,gsva,Liver-brca-mouse
hsa00250,0.3963678112262968,gsva,Liver-brca-mouse
hsa04727,0.3963678112262968,gsva,Liver-brca-mouse
hsa04724,0.3963678112262968,gsva,Liver-brca-mouse
hsa00910,0.3963678112262968,gsva,Liver-brca-mouse
hsa00630,0.3963678112262968,gsva,Liver-brca-mouse
hsa00230,0.3923751198556604,gsva,Liver-brca-mouse
hsa00564,0.39207041228900275,gsva,Liver-brca-mouse
hsa00240,0.39153730711764556,gsva,Liver-brca-mouse
hsa04148,0.37523073931797624,gsva,Liver-brca-mouse
hsa01040,0.35697246284523765,gsva,Liver-brca-mouse
hsa04979,0.35102959621048613,gsva,Liver-brca-mouse
hsa00120,0.33652810322140275,gsva,Liver-brca-mouse
hsa00061,0.3248050655067395,gsva,Liver-brca-mouse
hsa05231,0.3194399284142345,gsva,Liver-brca-mouse
hsa00030,0.31488158673653127,gsva,Liver-brca-mouse
hsa00053,0.3147515145470007,gsva,Liver-brca-mouse
hsa02010,0.30443718895712324,gsva,Liver-brca-mouse
hsa04976,0.2965895357616056,gsva,Liver-brca-mouse
hsa00565,0.29033969054838077,gsva,Liver-brca-mouse
hsa00480,0.2693462189086921,gsva,Liver-brca-mouse
hsa00860,0.2690779273901102,gsva,Liver-brca-mouse
hsa00270,0.26531949037138974,gsva,Liver-brca-mouse
hsa04216,0.2583471836614163,gsva,Liver-brca-mouse
hsa00563,0.20966879895634813,gsva,Liver-brca-mouse
hsa00591,0.18319041361725777,gsva,Liver-brca-mouse
hsa00120,0.6431939992204834,kpca,Lung-mouse
hsa04979,0.6268451564461189,kpca,Lung-mouse
hsa00430,0.49016875007063515,kpca,Lung-mouse
hsa00920,0.49016875007063515,kpca,Lung-mouse
hsa00240,0.45413100155105857,kpca,Lung-mouse
hsa04072,0.43187728071188064,kpca,Lung-mouse
hsa04150,0.4094035380355435,kpca,Lung-mouse
hsa04964,0.3979472390405086,kpca,Lung-mouse
hsa00470,0.3902645503431367,kpca,Lung-mouse
hsa00220,0.3902645486841878,kpca,Lung-mouse
hsa05230,0.3902645486841878,kpca,Lung-mouse
hsa00970,0.3902645486841878,kpca,Lung-mouse
hsa05014,0.38314992904812756,kpca,Lung-mouse
hsa00500,0.3756620121656688,kpca,Lung-mouse
hsa04724,0.3698207839285835,kpca,Lung-mouse
hsa00630,0.3698207839285835,kpca,Lung-mouse
hsa00250,0.3698207839285835,kpca,Lung-mouse
hsa04727,0.3698207839285835,kpca,Lung-mouse
hsa00910,0.3698207839285835,kpca,Lung-mouse
hsa00230,0.35877105237361223,kpca,Lung-mouse
hsa04070,0.35712853286532076,kpca,Lung-mouse
hsa00051,0.35311136998189524,kpca,Lung-mouse
hsa04148,0.32437398776980036,kpca,Lung-mouse
hsa00030,0.2628854979911488,kpca,Lung-mouse
hsa00053,0.2628854979911488,kpca,Lung-mouse
hsa04024,0.25344053182609816,kpca,Lung-mouse
hsa00052,0.24482890307669689,kpca,Lung-mouse
hsa00860,0.2064043361701053,kpca,Lung-mouse
hsa00330,0.16319484788917302,kpca,Lung-mouse
hsa00061,0.1469441873130784,kpca,Lung-mouse
hsa04216,0.13050214329448717,kpca,Lung-mouse
hsa04723,0.12378439408416415,kpca,Lung-mouse
hsa00591,0.1171479069250796,kpca,Lung-mouse
hsa00565,0.11446147189435033,kpca,Lung-mouse
hsa02010,0.0965116833349709,kpca,Lung-mouse
hsa00563,0.09165460151102417,kpca,Lung-mouse
hsa05231,0.08373917056878002,kpca,Lung-mouse
hsa04976,0.08107315832161871,kpca,Lung-mouse
hsa01040,0.0734638206692824,kpca,Lung-mouse
hsa00564,0.05684362980171729,kpca,Lung-mouse
hsa00270,0.04874900736414722,kpca,Lung-mouse
hsa00480,0.04874900736414722,kpca,Lung-mouse
hsa00500,0.7217550841735584,gsva,Lung-mouse
hsa04024,0.5265203329339952,gsva,Lung-mouse
hsa04150,0.517086563815244,gsva,Lung-mouse
hsa00052,0.5170028301440867,gsva,Lung-mouse
hsa02010,0.5137351178404947,gsva,Lung-mouse
hsa00051,0.5059595815656938,gsva,Lung-mouse
hsa00230,0.46707717386956155,gsva,Lung-mouse
hsa00240,0.3723475134240714,gsva,Lung-mouse
hsa00470,0.36393905791176656,gsva,Lung-mouse
hsa04070,0.36209328558954457,gsva,Lung-mouse
hsa01040,0.35085750289785245,gsva,Lung-mouse
hsa00220,0.3490018263002348,gsva,Lung-mouse
hsa05230,0.3490018263002348,gsva,Lung-mouse
hsa00970,0.3490018263002348,gsva,Lung-mouse
hsa05014,0.33974464085963024,gsva,Lung-mouse
hsa04964,0.33820047728339997,gsva,Lung-mouse
hsa00061,0.32306467791558535,gsva,Lung-mouse
hsa00330,0.3188466709445204,gsva,Lung-mouse
hsa04979,0.3087468593254682,gsva,Lung-mouse
hsa00630,0.3048866389592758,gsva,Lung-mouse
hsa00910,0.3048866389592758,gsva,Lung-mouse
hsa00250,0.3048866389592758,gsva,Lung-mouse
hsa04727,0.3048866389592758,gsva,Lung-mouse
hsa04724,0.3048866389592758,gsva,Lung-mouse
hsa00053,0.3018227808658136,gsva,Lung-mouse
hsa00030,0.3016014016485274,gsva,Lung-mouse
hsa00430,0.29983581526445263,gsva,Lung-mouse
hsa04148,0.2961730794249641,gsva,Lung-mouse
hsa04072,0.28913854605273415,gsva,Lung-mouse
hsa00920,0.28615356168655065,gsva,Lung-mouse
hsa00120,0.28454545080149335,gsva,Lung-mouse
hsa00564,0.25353710052853423,gsva,Lung-mouse
hsa04976,0.24977498773144194,gsva,Lung-mouse
hsa04723,0.23723483360907366,gsva,Lung-mouse
hsa05231,0.20650330922236215,gsva,Lung-mouse
hsa00860,0.20156314588151392,gsva,Lung-mouse
hsa04216,0.1834286920532682,gsva,Lung-mouse
hsa00591,0.16834814266304649,gsva,Lung-mouse
hsa00565,0.14426019174169946,gsva,Lung-mouse
hsa00480,0.11846914714369228,gsva,Lung-mouse
hsa00270,0.11708192177520721,gsva,Lung-mouse
hsa00563,0.09700748103071667,gsva,Lung-mouse
hsa02010,0.7260026578286046,kpca,Ovary-ca-mouse
hsa04024,0.7082842339143639,kpca,Ovary-ca-mouse
hsa04976,0.6437359967713946,kpca,Ovary-ca-mouse
hsa04723,0.5846125735473712,kpca,Ovary-ca-mouse
hsa00561,0.40484771247539336,kpca,Ovary-ca-mouse
hsa04216,0.33156345872517207,kpca,Ovary-ca-mouse
hsa00564,0.26082770521933046,kpca,Ovary-ca-mouse
hsa05231,0.25799541426229444,kpca,Ovary-ca-mouse
hsa04148,0.1740685922978252,kpca,Ovary-ca-mouse
hsa00600,0.17243172309014357,kpca,Ovary-ca-mouse
hsa05208,0.13988639135149428,kpca,Ovary-ca-mouse
hsa04723,0.564124268403754,gsva,Ovary-ca-mouse
hsa02010,0.47865451784962637,gsva,Ovary-ca-mouse
hsa04976,0.45148579505048864,gsva,Ovary-ca-mouse
hsa04024,0.40019769436812186,gsva,Ovary-ca-mouse
hsa05231,0.36032091261354815,gsva,Ovary-ca-mouse
hsa00561,0.3099525293119572,gsva,Ovary-ca-mouse
hsa04216,0.2992226370261398,gsva,Ovary-ca-mouse
hsa05208,0.29362167957414864,gsva,Ovary-ca-mouse
hsa00600,0.2694289546836047,gsva,Ovary-ca-mouse
hsa00564,0.19439119705788346,gsva,Ovary-ca-mouse
hsa04148,0.1839378430507355,gsva,Ovary-ca-mouse
hsa00140,0.6617241789048003,kpca,Brain-demyel-mouse
hsa00120,0.6616789377445078,kpca,Brain-demyel-mouse
hsa04976,0.6336340647665458,kpca,Brain-demyel-mouse
hsa04979,0.6187486171381296,kpca,Brain-demyel-mouse
hsa04148,0.6133525396935837,kpca,Brain-demyel-mouse
hsa04217,0.567535762561664,kpca,Brain-demyel-mouse
hsa04071,0.5661117756178476,kpca,Brain-demyel-mouse
hsa04722,0.5661040357478164,kpca,Brain-demyel-mouse
hsa00561,0.3855966909070968,kpca,Brain-demyel-mouse
hsa04923,0.38050306271684736,kpca,Brain-demyel-mouse
hsa00100,0.2215212783547276,kpca,Brain-demyel-mouse
hsa00564,0.15152591535223534,kpca,Brain-demyel-mouse
hsa04024,0.08132703700193884,kpca,Brain-demyel-mouse
hsa04072,0.08132703700193884,kpca,Brain-demyel-mouse
hsa05231,0.07833550050518441,kpca,Brain-demyel-mouse
hsa04723,0.07422458518476618,kpca,Brain-demyel-mouse
hsa00600,0.02230106909346378,kpca,Brain-demyel-mouse
hsa05231,0.6157579454568598,gsva,Brain-demyel-mouse
hsa00564,0.6153058581559953,gsva,Brain-demyel-mouse
hsa04723,0.6147640626768838,gsva,Brain-demyel-mouse
hsa04072,0.613769279999512,gsva,Brain-demyel-mouse
hsa04024,0.613769279999512,gsva,Brain-demyel-mouse
hsa00561,0.5850554330322546,gsva,Brain-demyel-mouse
hsa04923,0.5784411888205361,gsva,Brain-demyel-mouse
hsa00120,0.5590087745386735,gsva,Brain-demyel-mouse
hsa00140,0.5433066260972294,gsva,Brain-demyel-mouse
hsa00100,0.5339056841571937,gsva,Brain-demyel-mouse
hsa00600,0.5126152133364004,gsva,Brain-demyel-mouse
hsa04071,0.5066286513612881,gsva,Brain-demyel-mouse
hsa04217,0.4990866098919797,gsva,Brain-demyel-mouse
hsa04722,0.47662968174452747,gsva,Brain-demyel-mouse
hsa04976,0.47202968527364353,gsva,Brain-demyel-mouse
hsa04979,0.37776861677774415,gsva,Brain-demyel-mouse
hsa04148,0.2524746538027133,gsva,Brain-demyel-mouse
hsa00565,0.5003134515773893,kpca,Brain-center-rat
hsa04071,0.4687097516186402,kpca,Brain-center-rat
hsa04217,0.4687097516186402,kpca,Brain-center-rat
hsa00564,0.39906658488032765,kpca,Brain-center-rat
hsa04148,0.39484662291909367,kpca,Brain-center-rat
hsa00860,0.37632225216545745,kpca,Brain-center-rat
hsa00600,0.37337943317140104,kpca,Brain-center-rat
hsa04723,0.3660470064572131,kpca,Brain-center-rat
hsa05231,0.2772794034205775,kpca,Brain-center-rat
hsa02010,0.2662858799330543,kpca,Brain-center-rat
hsa04216,0.2574136313558253,kpca,Brain-center-rat
hsa04976,0.15255637065811398,kpca,Brain-center-rat
hsa05231,0.6792613342516867,gsva,Brain-center-rat
hsa00600,0.6699113008422293,gsva,Brain-center-rat
hsa02010,0.645354047805758,gsva,Brain-center-rat
hsa04723,0.6336453690816832,gsva,Brain-center-rat
hsa04216,0.6076019528328238,gsva,Brain-center-rat
hsa00860,0.5890664203431777,gsva,Brain-center-rat
hsa00564,0.5761273517772089,gsva,Brain-center-rat
hsa04217,0.3557972116607862,gsva,Brain-center-rat
hsa04071,0.3557972116607862,gsva,Brain-center-rat
hsa04148,0.29728281440049303,gsva,Brain-center-rat
hsa04976,0.22847377032106825,gsva,Brain-center-rat
hsa00565,0.19081753235626692,gsva,Brain-center-rat
hsa00120,0.7475376079138,kpca,Stomach-rat
hsa02010,0.6671572485502688,kpca,Stomach-rat
hsa00140,0.6559469664578028,kpca,Stomach-rat
hsa04976,0.6406938970630683,kpca,Stomach-rat
hsa04722,0.6009513675302663,kpca,Stomach-rat
hsa04979,0.5729006975702514,kpca,Stomach-rat
hsa01040,0.5543246507596552,kpca,Stomach-rat
hsa00565,0.5325094935389848,kpca,Stomach-rat
hsa04923,0.47410956572591484,kpca,Stomach-rat
hsa04071,0.4716193771679067,kpca,Stomach-rat
hsa00100,0.45608426658322165,kpca,Stomach-rat
hsa00591,0.4537775967736229,kpca,Stomach-rat
hsa04613,0.42223943167194183,kpca,Stomach-rat
hsa04723,0.4106816189370692,kpca,Stomach-rat
hsa04072,0.4072492976993507,kpca,Stomach-rat
hsa04024,0.4072492976993507,kpca,Stomach-rat
hsa00561,0.401531354413404,kpca,Stomach-rat
hsa00592,0.38173363165112323,kpca,Stomach-rat
hsa00860,0.3469551232893579,kpca,Stomach-rat
hsa04217,0.31732633533610205,kpca,Stomach-rat
hsa04216,0.2859834279232517,kpca,Stomach-rat
hsa04148,0.25174689555469304,kpca,Stomach-rat
hsa00600,0.21491121141253797,kpca,Stomach-rat
hsa05231,0.08425093564040793,kpca,Stomach-rat
hsa00564,0.07729241774353102,kpca,Stomach-rat
hsa02010,0.7628316251101884,gsva,Stomach-rat
hsa04976,0.6766687861546747,gsva,Stomach-rat
hsa00600,0.5741101377682876,gsva,Stomach-rat
hsa00100,0.5307631703891271,gsva,Stomach-rat
hsa04979,0.529649295764567,gsva,Stomach-rat
hsa04923,0.4952209746246797,gsva,Stomach-rat
hsa04613,0.4811569570874008,gsva,Stomach-rat
hsa04216,0.4657799376172362,gsva,Stomach-rat
hsa04722,0.4579551202663812,gsva,Stomach-rat
hsa00120,0.4525231627743932,gsva,Stomach-rat
hsa00591,0.42390832268225415,gsva,Stomach-rat
hsa01040,0.4138867378473449,gsva,Stomach-rat
hsa04072,0.3991382486976687,gsva,Stomach-rat
hsa04024,0.3991382486976687,gsva,Stomach-rat
hsa04217,0.38654736749350793,gsva,Stomach-rat
hsa00561,0.37645060621577825,gsva,Stomach-rat
hsa00564,0.3379697902940624,gsva,Stomach-rat
hsa00592,0.3059734345563951,gsva,Stomach-rat
hsa04148,0.30412639998701657,gsva,Stomach-rat
hsa00565,0.26617631466794756,gsva,Stomach-rat
hsa00860,0.2537381858138685,gsva,Stomach-rat
hsa05231,0.2383588455170345,gsva,Stomach-rat
hsa04723,0.21866493826965586,gsva,Stomach-rat
hsa00140,0.1959865542887485,gsva,Stomach-rat
hsa04071,0.17841305594282336,gsva,Stomach-rat
hsa04979,0.6004215387949592,kpca,Gut-mouse
hsa00561,0.5670407111669342,kpca,Gut-mouse
hsa04923,0.4261795905244615,kpca,Gut-mouse
hsa04072,0.414714072044481,kpca,Gut-mouse
hsa04024,0.414714072044481,kpca,Gut-mouse
hsa04723,0.37103243280940773,kpca,Gut-mouse
hsa04217,0.21155781954875796,kpca,Gut-mouse
hsa04071,0.17266568555282596,kpca,Gut-mouse
hsa04148,0.16242456195433835,kpca,Gut-mouse
hsa00564,0.1385990149075175,kpca,Gut-mouse
hsa05231,0.10700308834436123,kpca,Gut-mouse
hsa00230,0.10332217071685763,kpca,Gut-mouse
hsa04722,0.09189194040488713,kpca,Gut-mouse
hsa00600,0.06553451950400045,kpca,Gut-mouse
hsa00561,0.5869281018244914,gsva,Gut-mouse
hsa04979,0.5036013948640232,gsva,Gut-mouse
hsa04723,0.42327097606621833,gsva,Gut-mouse
hsa04722,0.37435587895999645,gsva,Gut-mouse
hsa04923,0.36932948106716057,gsva,Gut-mouse
hsa04024,0.35262566632641396,gsva,Gut-mouse
hsa04072,0.35262566632641396,gsva,Gut-mouse
hsa04217,0.3205226582493228,gsva,Gut-mouse
hsa00230,0.3144592108822057,gsva,Gut-mouse
hsa04071,0.2871319983507693,gsva,Gut-mouse
hsa05231,0.23713319938705762,gsva,Gut-mouse
hsa04148,0.18236366490175848,gsva,Gut-mouse
hsa00564,0.1786046043902352,gsva,Gut-mouse
hsa00600,0.1657896952933424,gsva,Gut-mouse
hsa04148,0.560471011581388,kpca,Brain-wt1-mouse
hsa00600,0.5381228833812587,kpca,Brain-wt1-mouse
hsa04217,0.45219003551663134,kpca,Brain-wt1-mouse
hsa04071,0.4463727561172862,kpca,Brain-wt1-mouse
hsa04722,0.44636061616735273,kpca,Brain-wt1-mouse
hsa04976,0.40210158322825085,kpca,Brain-wt1-mouse
hsa04979,0.38904107984109926,kpca,Brain-wt1-mouse
hsa00100,0.36935506118081335,kpca,Brain-wt1-mouse
hsa00564,0.3343505386194909,kpca,Brain-wt1-mouse
hsa05231,0.3328272188499325,kpca,Brain-wt1-mouse
hsa04923,0.30973422376304216,kpca,Brain-wt1-mouse
hsa04723,0.30565943936413426,kpca,Brain-wt1-mouse
hsa00120,0.25374159594470913,kpca,Brain-wt1-mouse
hsa04072,0.2465452306227923,kpca,Brain-wt1-mouse
hsa04024,0.2465452306227923,kpca,Brain-wt1-mouse
hsa00561,0.23977613091773256,kpca,Brain-wt1-mouse
hsa04923,0.7254059176613155,gsva,Brain-wt1-mouse
hsa00100,0.6183631213000769,gsva,Brain-wt1-mouse
hsa00600,0.5540767715377333,gsva,Brain-wt1-mouse
hsa00561,0.5524908679992988,gsva,Brain-wt1-mouse
hsa04024,0.5378722159197044,gsva,Brain-wt1-mouse
hsa04072,0.5378722159197044,gsva,Brain-wt1-mouse
hsa04979,0.5266568297097693,gsva,Brain-wt1-mouse
hsa04071,0.5116189989009136,gsva,Brain-wt1-mouse
hsa04976,0.5059897993171814,gsva,Brain-wt1-mouse
hsa05231,0.4507738229307739,gsva,Brain-wt1-mouse
hsa04217,0.4491217592573492,gsva,Brain-wt1-mouse
hsa04722,0.4220564889091342,gsva,Brain-wt1-mouse
hsa00564,0.41437493972767675,gsva,Brain-wt1-mouse
hsa04148,0.3881618428837536,gsva,Brain-wt1-mouse
hsa04723,0.30295572691575945,gsva,Brain-wt1-mouse
hsa00120,0.07472345913349465,gsva,Brain-wt1-mouse
hsa04148,0.2824599000790066,kpca,Brain-sgt-mouse
hsa00600,0.2218957772696251,kpca,Brain-sgt-mouse
hsa04071,0.2078501300718103,kpca,Brain-sgt-mouse
hsa04217,0.2078501300718103,kpca,Brain-sgt-mouse
hsa04723,0.18939236110300253,kpca,Brain-sgt-mouse
hsa00564,0.14701242386323723,kpca,Brain-sgt-mouse
hsa05231,0.10264795216948747,kpca,Brain-sgt-mouse
hsa05231,0.2900710108062681,gsva,Brain-sgt-mouse
hsa04723,0.23122910301581465,gsva,Brain-sgt-mouse
hsa00600,0.2030062375770241,gsva,Brain-sgt-mouse
hsa00564,0.17570039417868014,gsva,Brain-sgt-mouse
hsa04071,0.16965512767726257,gsva,Brain-sgt-mouse
hsa04217,0.16965512767726257,gsva,Brain-sgt-mouse
hsa04148,0.12526972900301975,gsva,Brain-sgt-mouse
hsa05231,0.24023652264859122,kpca,Brain-trv-mouse
hsa04723,0.22302804731293407,kpca,Brain-trv-mouse
hsa04148,0.1927237195725927,kpca,Brain-trv-mouse
hsa00600,0.17598819692090004,kpca,Brain-trv-mouse
hsa04071,0.10648787269459356,kpca,Brain-trv-mouse
hsa04217,0.10648787269459356,kpca,Brain-trv-mouse
hsa00564,0.0745525601034372,kpca,Brain-trv-mouse
hsa04723,0.25903510372333216,gsva,Brain-trv-mouse
hsa05231,0.23481517856864315,gsva,Brain-trv-mouse
hsa00600,0.1941683406477696,gsva,Brain-trv-mouse
hsa04217,0.16713459795854793,gsva,Brain-trv-mouse
hsa04071,0.16713459795854793,gsva,Brain-trv-mouse
hsa00564,0.15586564979804626,gsva,Brain-trv-mouse
hsa04148,0.05855113015619101,gsva,Brain-trv-mouse
hsa00592,0.6607206268329958,kpca,Brain-sgt-rat
hsa00564,0.6435980757522661,kpca,Brain-sgt-rat
hsa04923,0.6143652953125259,kpca,Brain-sgt-rat
hsa04024,0.605573053652577,kpca,Brain-sgt-rat
hsa04072,0.605573053652577,kpca,Brain-sgt-rat
hsa04071,0.6019292182699264,kpca,Brain-sgt-rat
hsa04148,0.5644270827669097,kpca,Brain-sgt-rat
hsa05231,0.5090674559148181,kpca,Brain-sgt-rat
hsa04723,0.5036736979371218,kpca,Brain-sgt-rat
hsa00100,0.5016092913959759,kpca,Brain-sgt-rat
hsa04976,0.5014021551475049,kpca,Brain-sgt-rat
hsa04979,0.50103366397842,kpca,Brain-sgt-rat
hsa00561,0.4127334570569034,kpca,Brain-sgt-rat
hsa00600,0.006477012384922759,kpca,Brain-sgt-rat
hsa00561,0.700029794159398,gsva,Brain-sgt-rat
hsa00564,0.5860706516199978,gsva,Brain-sgt-rat
hsa04979,0.47711254181946716,gsva,Brain-sgt-rat
hsa00592,0.46346777295948877,gsva,Brain-sgt-rat
hsa04723,0.44568543997194954,gsva,Brain-sgt-rat
hsa04976,0.4398273680759232,gsva,Brain-sgt-rat
hsa00100,0.4357769923891392,gsva,Brain-sgt-rat
hsa04148,0.34524828209947367,gsva,Brain-sgt-rat
hsa04923,0.309637126925679,gsva,Brain-sgt-rat
hsa04024,0.29765059172003117,gsva,Brain-sgt-rat
hsa04072,0.29765059172003117,gsva,Brain-sgt-rat
hsa04071,0.29746027709805395,gsva,Brain-sgt-rat
hsa05231,0.27929958507349745,gsva,Brain-sgt-rat
hsa00600,0.24776959193331222,gsva,Brain-sgt-rat
hsa00100,0.6710503773672832,kpca,Brain-trv-rat
hsa04976,0.6707691289400497,kpca,Brain-trv-rat
hsa04979,0.6705146217390165,kpca,Brain-trv-rat
hsa04923,0.6049499002212056,kpca,Brain-trv-rat
hsa04072,0.5931248974106142,kpca,Brain-trv-rat
hsa04024,0.5931248974106142,kpca,Brain-trv-rat
hsa04071,0.5895058420568122,kpca,Brain-trv-rat
hsa04148,0.4765937645340292,kpca,Brain-trv-rat
hsa04723,0.476521976958909,kpca,Brain-trv-rat
hsa05231,0.46145524543240823,kpca,Brain-trv-rat
hsa00561,0.37645420447488365,kpca,Brain-trv-rat
hsa00564,0.37497048420617235,kpca,Brain-trv-rat
hsa00592,0.27061865764721366,kpca,Brain-trv-rat
hsa00600,0.1414565288565216,kpca,Brain-trv-rat
hsa00561,0.7395099343827745,gsva,Brain-trv-rat
hsa00564,0.5600249498646398,gsva,Brain-trv-rat
hsa04723,0.5182642095878986,gsva,Brain-trv-rat
hsa04979,0.47898063249294665,gsva,Brain-trv-rat
hsa00592,0.45725767950462626,gsva,Brain-trv-rat
hsa00100,0.4212346637944229,gsva,Brain-trv-rat
hsa04976,0.42115728599555535,gsva,Brain-trv-rat
hsa04923,0.35337802596343587,gsva,Brain-trv-rat
hsa04071,0.33040886709498685,gsva,Brain-trv-rat
hsa04024,0.3235015912082873,gsva,Brain-trv-rat
hsa04072,0.3235015912082873,gsva,Brain-trv-rat
hsa04148,0.2872384083611764,gsva,Brain-trv-rat
hsa05231,0.2800871878801189,gsva,Brain-trv-rat
hsa00600,0.23037842422682775,gsva,Brain-trv-rat
